true_class,block_size_km,fold,pred_1,pred_2,pred_3,pred_4,pred_5,pred_6,pred_7,pred_8,pred_9,pred_10
true_1,10,1,87,7,11,0,2,0,0,0,0,0
true_2,10,1,77,47,0,0,6,0,0,0,0,0
true_3,10,1,0,0,181,0,0,0,0,0,0,26
true_4,10,1,33,6,0,119,15,0,0,33,0,0
true_5,10,1,61,2,24,1,77,0,0,2,0,0
true_6,10,1,0,0,0,0,0,58,0,0,0,0
true_7,10,1,22,0,5,3,7,7,0,16,0,22
true_8,10,1,0,0,0,1,0,2,5,52,0,0
true_9,10,1,0,0,0,0,0,2,0,0,55,1
true_10,10,1,0,0,0,0,0,0,1,0,2,69
true_1,10,2,44,25,0,1,20,0,0,0,0,0
true_2,10,2,33,32,0,1,0,0,1,9,0,0
true_3,10,2,37,0,4,0,25,0,0,0,0,0
true_4,10,2,0,0,0,15,0,0,0,0,0,0
true_5,10,2,4,38,0,2,21,0,0,0,0,0
true_6,10,2,0,0,0,0,0,57,0,0,0,0
true_7,10,2,0,0,0,0,0,3,35,0,0,12
true_8,10,2,2,1,0,0,1,0,8,48,0,0
true_9,10,2,0,0,0,0,0,0,0,0,61,0
true_10,10,2,0,0,0,0,1,0,0,0,2,58
true_1,10,3,38,0,0,0,4,0,0,0,0,0
true_2,10,3,0,0,0,0,0,0,0,0,0,0
true_3,10,3,0,0,0,0,0,0,0,0,0,0
true_4,10,3,0,0,0,8,0,0,0,0,0,0
true_5,10,3,0,0,0,0,0,0,0,0,0,0
true_6,10,3,0,0,0,0,0,82,16,1,0,5
true_7,10,3,0,0,0,0,0,0,51,0,0,0
true_8,10,3,0,0,0,1,0,0,0,59,0,0
true_9,10,3,0,0,0,0,1,11,0,7,39,1
true_10,10,3,0,0,0,0,0,0,0,0,0,42
true_1,10,4,8,23,2,0,3,0,0,5,0,0
true_2,10,4,10,36,0,0,4,0,0,0,0,0
true_3,10,4,0,0,12,0,15,0,0,0,0,0
true_4,10,4,3,1,0,28,1,0,2,6,0,0
true_5,10,4,1,0,0,0,50,0,0,0,0,0
true_6,10,4,0,0,0,0,0,35,0,0,0,0
true_7,10,4,0,0,0,0,1,0,49,6,0,1
true_8,10,4,0,1,0,0,0,0,0,59,0,0
true_9,10,4,0,0,0,0,0,0,1,0,60,0
true_10,10,4,0,0,0,0,0,0,1,0,0,63
true_1,10,5,4,14,0,1,1,0,0,0,0,0
true_2,10,5,25,19,0,0,0,0,0,0,0,0
true_3,10,5,0,0,0,0,0,0,0,0,0,0
true_4,10,5,0,0,0,30,0,0,0,0,0,0
true_5,10,5,0,0,0,0,4,4,0,9,0,0
true_6,10,5,0,0,0,0,0,46,0,0,0,0
true_7,10,5,0,0,0,0,0,0,60,0,0,0
true_8,10,5,4,0,0,4,0,0,0,52,0,0
true_9,10,5,0,0,0,0,0,0,0,0,61,0
true_10,10,5,1,0,0,0,0,0,0,0,0,60
true_1,15,1,2,18,0,0,0,0,0,0,0,0
true_2,15,1,0,3,0,0,0,0,0,0,0,0
true_3,15,1,0,0,0,0,0,0,0,0,0,0
true_4,15,1,0,0,0,52,0,0,0,1,0,0
true_5,15,1,0,0,0,0,0,0,0,0,0,0
true_6,15,1,0,0,0,0,0,119,9,1,2,11
true_7,15,1,0,0,0,0,1,0,47,8,0,1
true_8,15,1,6,0,0,1,2,0,0,51,0,0
true_9,15,1,0,0,0,0,0,0,0,0,60,0
true_10,15,1,0,0,0,0,0,0,0,0,0,40
true_1,15,2,39,29,0,1,21,0,0,0,0,0
true_2,15,2,31,35,0,2,0,0,0,8,0,0
true_3,15,2,22,0,15,0,29,0,0,0,0,0
true_4,15,2,0,0,0,0,0,0,0,0,0,0
true_5,15,2,4,45,0,0,16,0,0,0,0,0
true_6,15,2,0,0,0,0,0,51,0,1,0,0
true_7,15,2,0,0,0,0,0,0,91,0,0,0
true_8,15,2,0,0,0,1,1,0,5,52,0,1
true_9,15,2,0,0,0,0,0,0,0,0,60,0
true_10,15,2,0,0,0,0,0,1,0,0,2,18
true_1,15,3,0,0,0,0,0,0,0,0,0,0
true_2,15,3,40,1,0,0,0,0,0,0,0,0
true_3,15,3,0,0,0,0,0,0,0,0,0,0
true_4,15,3,0,0,0,98,0,0,0,0,0,0
true_5,15,3,0,0,0,0,0,0,0,0,0,0
true_6,15,3,0,0,0,0,0,20,0,0,0,0
true_7,15,3,0,0,0,0,0,0,34,0,0,8
true_8,15,3,1,0,0,0,0,0,1,58,0,0
true_9,15,3,0,0,0,0,0,2,1,0,57,0
true_10,15,3,0,0,0,0,0,0,0,0,5,109
true_1,15,4,108,45,22,1,11,0,0,3,0,0
true_2,15,4,119,49,0,0,12,0,0,0,0,0
true_3,15,4,3,0,51,0,4,0,0,0,0,176
true_4,15,4,36,9,0,78,9,0,0,0,0,0
true_5,15,4,75,10,49,1,73,5,0,2,0,3
true_6,15,4,0,0,0,0,0,60,0,0,0,0
true_7,15,4,11,2,2,5,5,8,6,6,3,22
true_8,15,4,0,1,0,2,0,0,3,54,0,0
true_9,15,4,0,0,0,0,0,0,1,0,58,1
true_10,15,4,0,0,0,0,0,0,0,0,0,25
true_1,15,5,0,0,0,0,0,0,0,0,0,0
true_2,15,5,0,0,0,0,0,0,0,0,0,0
true_3,15,5,0,0,0,0,0,0,0,0,0,0
true_4,15,5,3,0,0,9,2,0,1,2,0,0
true_5,15,5,0,0,0,0,4,3,0,10,0,0
true_6,15,5,0,0,0,0,0,26,0,0,0,0
true_7,15,5,0,0,0,0,0,3,37,0,0,0
true_8,15,5,0,0,0,0,0,0,3,57,0,0
true_9,15,5,1,0,0,0,0,4,0,2,52,1
true_10,15,5,1,0,0,0,0,0,0,0,0,99
true_1,20,1,98,49,25,0,13,1,0,4,0,0
true_2,20,1,99,67,0,0,14,0,0,0,0,0
true_3,20,1,0,0,77,0,6,0,0,1,0,150
true_4,20,1,46,21,2,81,2,0,0,65,0,0
true_5,20,1,54,22,52,0,82,6,0,2,0,0
true_6,20,1,0,0,0,0,0,70,0,0,0,0
true_7,20,1,2,20,1,8,7,11,7,8,3,23
true_8,20,1,0,0,0,2,0,0,3,54,0,0
true_9,20,1,0,0,0,0,0,0,1,0,54,0
true_10,20,1,0,0,0,0,0,0,0,1,0,70
true_1,20,2,2,17,0,0,1,0,0,0,0,0
true_2,20,2,0,3,0,0,0,0,0,0,0,0
true_3,20,2,0,0,0,0,0,0,0,0,0,0
true_4,20,2,0,0,0,53,0,0,0,0,0,0
true_5,20,2,0,0,0,0,0,0,0,0,0,0
true_6,20,2,0,0,0,0,2,110,9,0,1,13
true_7,20,2,0,0,0,0,0,0,24,0,0,7
true_8,20,2,1,0,0,0,3,0,0,55,0,0
true_9,20,2,0,0,0,0,0,0,0,0,53,0
true_10,20,2,0,0,0,0,0,0,0,0,2,39
true_1,20,3,62,4,0,0,23,0,1,0,0,0
true_2,20,3,89,10,0,3,1,0,1,13,0,0
true_3,20,3,25,0,3,0,38,0,0,0,0,0
true_4,20,3,4,0,0,19,0,0,1,2,0,0
true_5,20,3,3,28,0,0,34,0,0,0,0,0
true_6,20,3,0,0,0,0,0,20,0,0,0,0
true_7,20,3,0,0,0,0,0,0,30,0,0,0
true_8,20,3,1,0,0,0,0,1,2,56,0,0
true_9,20,3,0,0,0,0,2,21,0,1,64,1
true_10,20,3,0,0,0,0,0,0,0,0,1,11
true_1,20,4,0,0,0,0,0,0,0,0,0,0
true_2,20,4,0,0,0,0,0,0,0,0,0,0
true_3,20,4,0,0,0,0,0,0,0,0,0,0
true_4,20,4,0,0,0,1,1,0,0,2,0,0
true_5,20,4,0,0,0,0,0,0,0,0,0,0
true_6,20,4,0,0,0,0,0,49,0,0,0,0
true_7,20,4,0,0,0,0,0,0,62,0,0,0
true_8,20,4,3,0,0,1,2,0,1,52,0,1
true_9,20,4,0,0,0,0,0,0,1,0,52,1
true_10,20,4,0,0,0,0,0,0,2,0,0,97
true_1,20,5,0,0,0,0,0,0,0,0,0,0
true_2,20,5,0,0,0,0,0,0,0,0,0,0
true_3,20,5,0,0,0,0,0,0,0,0,0,0
true_4,20,5,0,0,0,0,0,0,0,0,0,0
true_5,20,5,0,0,0,0,4,4,0,9,0,0
true_6,20,5,0,0,0,0,0,26,0,0,0,0
true_7,20,5,0,0,1,0,0,3,81,1,0,1
true_8,20,5,0,0,0,2,0,0,7,53,0,0
true_9,20,5,0,0,0,0,0,2,1,0,46,0
true_10,20,5,0,0,0,0,0,0,0,0,1,76
