table,feature,sensor_group,missing_rate,zero_rate
train,DEM_aspect,DEM,0.0,0.08523809523809524
train,DEM_elevation,DEM,0.0,0.0
train,DEM_hillshade,DEM,0.0,0.0
train,DEM_slope,DEM,0.0,0.03333333333333333
train,L89_dry_BSI,L89,0.0,0.015714285714285715
train,L89_dry_Blue,L89,0.0,0.015714285714285715
train,L89_dry_Green,L89,0.0,0.015714285714285715
train,L89_dry_MSI,L89,0.0,0.015714285714285715
train,L89_dry_NBR,L89,0.0,0.015714285714285715
train,L89_dry_NBR2,L89,0.0,0.015714285714285715
train,L89_dry_NDMI,L89,0.0,0.015714285714285715
train,L89_dry_NDVI,L89,0.0,0.015714285714285715
train,L89_dry_NIR,L89,0.0,0.015714285714285715
train,L89_dry_Red,L89,0.0,0.015714285714285715
train,L89_dry_SWIR1,L89,0.0,0.015714285714285715
train,L89_dry_SWIR2,L89,0.0,0.015714285714285715
train,L89_dry_SWIR2_p75,L89,0.0,0.015714285714285715
train,L89_wet_BSI,L89,0.0,0.0380952380952381
train,L89_wet_Blue,L89,0.0,0.0380952380952381
train,L89_wet_Green,L89,0.0,0.0380952380952381
train,L89_wet_MSI,L89,0.0,0.0380952380952381
train,L89_wet_NBR,L89,0.0,0.0380952380952381
train,L89_wet_NBR2,L89,0.0,0.0380952380952381
train,L89_wet_NDMI,L89,0.0,0.0380952380952381
train,L89_wet_NDVI,L89,0.0,0.0380952380952381
train,L89_wet_NIR,L89,0.0,0.0380952380952381
train,L89_wet_Red,L89,0.0,0.0380952380952381
train,L89_wet_SWIR1,L89,0.0,0.0380952380952381
train,L89_wet_SWIR2,L89,0.0,0.0380952380952381
train,L89_wet_SWIR2_p75,L89,0.0,0.0380952380952381
train,S1_VH_glcm_asm_5x5,S1,0.0,0.0
train,S1_VH_glcm_contrast_5x5,S1,0.0,0.0019047619047619048
train,S1_VH_glcm_ent_5x5,S1,0.0,0.0019047619047619048
train,S1_VHasc_p50,S1,0.0,0.0
train,S1_VHdesc_p25,S1,0.0,0.0
train,S1_VHdesc_p50,S1,0.0,0.0
train,S1_VHdesc_p75,S1,0.0,0.0
train,S1_VHdesc_std,S1,0.0,0.0
train,S1_VVasc_p50,S1,0.0,0.0
train,S1_VVdesc_p25,S1,0.0,0.0
train,S1_VVdesc_p50,S1,0.0,0.0
train,S1_VVdesc_p75,S1,0.0,0.0
train,S1_VVdesc_std,S1,0.0,0.0
train,S1_VVminusVH_asc_p50,S1,0.0,0.0
train,S1_VVminusVH_desc_p50,S1,0.0,0.0
train,S2_dry_B11,S2,0.0,0.0
train,S2_dry_B12,S2,0.0,0.0
train,S2_dry_B2,S2,0.0,0.0
train,S2_dry_B3,S2,0.0,0.0
train,S2_dry_B4,S2,0.0,0.0
train,S2_dry_B5,S2,0.0,0.0
train,S2_dry_B6,S2,0.0,0.0
train,S2_dry_B7,S2,0.0,0.0
train,S2_dry_B8,S2,0.0,0.0
train,S2_dry_CI_RE,S2,0.0,0.0004761904761904762
train,S2_dry_CVI,S2,0.0,0.0
train,S2_dry_GNDVI,S2,0.0,0.0
train,S2_dry_MNDWI,S2,0.0,0.0
train,S2_dry_MSR,S2,0.0,0.0
train,S2_dry_MTCI,S2,0.0,0.0
train,S2_dry_NBR,S2,0.0,0.0
train,S2_dry_NBR2,S2,0.0,0.0
train,S2_dry_NDI,S2,0.0,0.0
train,S2_dry_NDMI,S2,0.0,0.0009523809523809524
train,S2_dry_NDVI,S2,0.0,0.0
train,S2_dry_NDVI_RE,S2,0.0,0.0004761904761904762
train,S2_dry_NDWI,S2,0.0,0.0
train,S2_dry_NLI,S2,0.0,0.0
train,S2_dry_PSRI,S2,0.0,0.0014285714285714286
train,S2_dry_RDVI,S2,0.0,0.0
train,S2_dry_SR,S2,0.0,0.0
train,S2_wet_B11,S2,0.0,0.0004761904761904762
train,S2_wet_B12,S2,0.0,0.0004761904761904762
train,S2_wet_B2,S2,0.0,0.0004761904761904762
train,S2_wet_B3,S2,0.0,0.0004761904761904762
train,S2_wet_B4,S2,0.0,0.0004761904761904762
train,S2_wet_B5,S2,0.0,0.0004761904761904762
train,S2_wet_B6,S2,0.0,0.0004761904761904762
train,S2_wet_B7,S2,0.0,0.0004761904761904762
train,S2_wet_B8,S2,0.0,0.0009523809523809524
train,S2_wet_CI_RE,S2,0.0,0.0004761904761904762
train,S2_wet_CVI,S2,0.0,0.0009523809523809524
train,S2_wet_GNDVI,S2,0.0,0.0004761904761904762
train,S2_wet_MNDWI,S2,0.0,0.0004761904761904762
train,S2_wet_MSR,S2,0.0,0.0004761904761904762
train,S2_wet_MTCI,S2,0.0,0.0009523809523809524
train,S2_wet_NBR,S2,0.0,0.0014285714285714286
train,S2_wet_NBR2,S2,0.0,0.0004761904761904762
train,S2_wet_NDI,S2,0.0,0.0019047619047619048
train,S2_wet_NDMI,S2,0.0,0.0004761904761904762
train,S2_wet_NDVI,S2,0.0,0.0004761904761904762
train,S2_wet_NDVI_RE,S2,0.0,0.0004761904761904762
train,S2_wet_NDWI,S2,0.0,0.0004761904761904762
train,S2_wet_NLI,S2,0.0,0.0004761904761904762
train,S2_wet_PSRI,S2,0.0,0.0009523809523809524
train,S2_wet_RDVI,S2,0.0,0.0004761904761904762
train,S2_wet_SR,S2,0.0,0.0009523809523809524
validation,DEM_aspect,DEM,0.0,0.10666666666666667
validation,DEM_elevation,DEM,0.0,0.0
validation,DEM_hillshade,DEM,0.0,0.0
validation,DEM_slope,DEM,0.0,0.05
validation,L89_dry_BSI,L89,0.0,0.02666666666666667
validation,L89_dry_Blue,L89,0.0,0.02666666666666667
validation,L89_dry_Green,L89,0.0,0.02666666666666667
validation,L89_dry_MSI,L89,0.0,0.02666666666666667
validation,L89_dry_NBR,L89,0.0,0.02666666666666667
validation,L89_dry_NBR2,L89,0.0,0.02666666666666667
validation,L89_dry_NDMI,L89,0.0,0.02666666666666667
validation,L89_dry_NDVI,L89,0.0,0.02666666666666667
validation,L89_dry_NIR,L89,0.0,0.02666666666666667
validation,L89_dry_Red,L89,0.0,0.02666666666666667
validation,L89_dry_SWIR1,L89,0.0,0.02666666666666667
validation,L89_dry_SWIR2,L89,0.0,0.02666666666666667
validation,L89_dry_SWIR2_p75,L89,0.0,0.02666666666666667
validation,L89_wet_BSI,L89,0.0,0.03666666666666667
validation,L89_wet_Blue,L89,0.0,0.03666666666666667
validation,L89_wet_Green,L89,0.0,0.03666666666666667
validation,L89_wet_MSI,L89,0.0,0.03666666666666667
validation,L89_wet_NBR,L89,0.0,0.03666666666666667
validation,L89_wet_NBR2,L89,0.0,0.03666666666666667
validation,L89_wet_NDMI,L89,0.0,0.03666666666666667
validation,L89_wet_NDVI,L89,0.0,0.03666666666666667
validation,L89_wet_NIR,L89,0.0,0.03666666666666667
validation,L89_wet_Red,L89,0.0,0.03666666666666667
validation,L89_wet_SWIR1,L89,0.0,0.03666666666666667
validation,L89_wet_SWIR2,L89,0.0,0.03666666666666667
validation,L89_wet_SWIR2_p75,L89,0.0,0.03666666666666667
validation,S1_VH_glcm_asm_5x5,S1,0.0,0.0
validation,S1_VH_glcm_contrast_5x5,S1,0.0,0.0022222222222222222
validation,S1_VH_glcm_ent_5x5,S1,0.0,0.0022222222222222222
validation,S1_VHasc_p50,S1,0.0,0.0
validation,S1_VHdesc_p25,S1,0.0,0.0
validation,S1_VHdesc_p50,S1,0.0,0.0
validation,S1_VHdesc_p75,S1,0.0,0.0
validation,S1_VHdesc_std,S1,0.0,0.0
validation,S1_VVasc_p50,S1,0.0,0.0
validation,S1_VVdesc_p25,S1,0.0,0.0
validation,S1_VVdesc_p50,S1,0.0,0.0
validation,S1_VVdesc_p75,S1,0.0,0.0
validation,S1_VVdesc_std,S1,0.0,0.0
validation,S1_VVminusVH_asc_p50,S1,0.0,0.0
validation,S1_VVminusVH_desc_p50,S1,0.0,0.0
validation,S2_dry_B11,S2,0.0,0.0
validation,S2_dry_B12,S2,0.0,0.0
validation,S2_dry_B2,S2,0.0,0.0
validation,S2_dry_B3,S2,0.0,0.0
validation,S2_dry_B4,S2,0.0,0.0
validation,S2_dry_B5,S2,0.0,0.0
validation,S2_dry_B6,S2,0.0,0.0
validation,S2_dry_B7,S2,0.0,0.0
validation,S2_dry_B8,S2,0.0,0.0
validation,S2_dry_CI_RE,S2,0.0,0.0
validation,S2_dry_CVI,S2,0.0,0.0
validation,S2_dry_GNDVI,S2,0.0,0.0
validation,S2_dry_MNDWI,S2,0.0,0.0
validation,S2_dry_MSR,S2,0.0,0.0
validation,S2_dry_MTCI,S2,0.0,0.0
validation,S2_dry_NBR,S2,0.0,0.0011111111111111111
validation,S2_dry_NBR2,S2,0.0,0.0
validation,S2_dry_NDI,S2,0.0,0.0022222222222222222
validation,S2_dry_NDMI,S2,0.0,0.0
validation,S2_dry_NDVI,S2,0.0,0.0
validation,S2_dry_NDVI_RE,S2,0.0,0.0
validation,S2_dry_NDWI,S2,0.0,0.0
validation,S2_dry_NLI,S2,0.0,0.0
validation,S2_dry_PSRI,S2,0.0,0.0
validation,S2_dry_RDVI,S2,0.0,0.0
validation,S2_dry_SR,S2,0.0,0.0
validation,S2_wet_B11,S2,0.0,0.0
validation,S2_wet_B12,S2,0.0,0.0
validation,S2_wet_B2,S2,0.0,0.0
validation,S2_wet_B3,S2,0.0,0.0
validation,S2_wet_B4,S2,0.0,0.0
validation,S2_wet_B5,S2,0.0,0.0
validation,S2_wet_B6,S2,0.0,0.0
validation,S2_wet_B7,S2,0.0,0.0
validation,S2_wet_B8,S2,0.0,0.0011111111111111111
validation,S2_wet_CI_RE,S2,0.0,0.0
validation,S2_wet_CVI,S2,0.0,0.0011111111111111111
validation,S2_wet_GNDVI,S2,0.0,0.0
validation,S2_wet_MNDWI,S2,0.0,0.0
validation,S2_wet_MSR,S2,0.0,0.0011111111111111111
validation,S2_wet_MTCI,S2,0.0,0.0
validation,S2_wet_NBR,S2,0.0,0.0
validation,S2_wet_NBR2,S2,0.0,0.0
validation,S2_wet_NDI,S2,0.0,0.0
validation,S2_wet_NDMI,S2,0.0,0.0
validation,S2_wet_NDVI,S2,0.0,0.0011111111111111111
validation,S2_wet_NDVI_RE,S2,0.0,0.0
validation,S2_wet_NDWI,S2,0.0,0.0
validation,S2_wet_NLI,S2,0.0,0.0
validation,S2_wet_PSRI,S2,0.0,0.0022222222222222222
validation,S2_wet_RDVI,S2,0.0,0.0011111111111111111
validation,S2_wet_SR,S2,0.0,0.0011111111111111111
